latitude,longitude,elevation,utc_offset_seconds,timezone,timezone_abbreviation
48.822495,2.2881355,43.0,0,GMT,GMT

time,temperature_2m (Â°C)
2026-01-10T00:00,3.8
2026-01-10T01:00,3.5
2026-01-10T02:00,3.4
2026-01-10T03:00,3.2
2026-01-10T04:00,3.3
2026-01-10T05:00,3.2
2026-01-10T06:00,3.0
2026-01-10T07:00,2.7
2026-01-10T08:00,2.4
2026-01-10T09:00,2.8
2026-01-10T10:00,3.2
2026-01-10T11:00,3.7
2026-01-10T12:00,3.7
2026-01-10T13:00,4.0
2026-01-10T14:00,4.2
2026-01-10T15:00,4.2
2026-01-10T16:00,3.5
2026-01-10T17:00,3.5
2026-01-10T18:00,2.9
2026-01-10T19:00,2.8
2026-01-10T20:00,2.4
2026-01-10T21:00,2.0
2026-01-10T22:00,1.7
2026-01-10T23:00,1.8
2026-01-11T00:00,1.2
2026-01-11T01:00,0.8
2026-01-11T02:00,0.4
2026-01-11T03:00,0.1
2026-01-11T04:00,-0.4
2026-01-11T05:00,-0.9
2026-01-11T06:00,-0.5
2026-01-11T07:00,-0.6
2026-01-11T08:00,-0.9
2026-01-11T09:00,-0.2
2026-01-11T10:00,0.9
2026-01-11T11:00,2.2
2026-01-11T12:00,3.3
2026-01-11T13:00,4.2
2026-01-11T14:00,4.5
2026-01-11T15:00,4.2
2026-01-11T16:00,4.0
2026-01-11T17:00,3.8
2026-01-11T18:00,4.1
2026-01-11T19:00,4.1
2026-01-11T20:00,4.2
2026-01-11T21:00,4.3
2026-01-11T22:00,4.5
2026-01-11T23:00,3.8
2026-01-12T00:00,4.2
2026-01-12T01:00,4.8
2026-01-12T02:00,5.8
2026-01-12T03:00,6.7
2026-01-12T04:00,7.2
2026-01-12T05:00,8.1
2026-01-12T06:00,8.8
2026-01-12T07:00,8.9
2026-01-12T08:00,9.2
2026-01-12T09:00,9.1
2026-01-12T10:00,9.6
2026-01-12T11:00,10.1
2026-01-12T12:00,11.0
2026-01-12T13:00,11.4
2026-01-12T14:00,10.6
2026-01-12T15:00,10.6
2026-01-12T16:00,10.9
2026-01-12T17:00,10.8
2026-01-12T18:00,11.0
2026-01-12T19:00,10.9
2026-01-12T20:00,10.4
2026-01-12T21:00,9.9
2026-01-12T22:00,9.8
2026-01-12T23:00,9.6
2026-01-13T00:00,10.0
2026-01-13T01:00,9.5
2026-01-13T02:00,9.1
2026-01-13T03:00,9.3
2026-01-13T04:00,9.1
2026-01-13T05:00,7.9
2026-01-13T06:00,8.0
2026-01-13T07:00,7.9
2026-01-13T08:00,7.3
2026-01-13T09:00,7.8
2026-01-13T10:00,8.6
2026-01-13T11:00,9.6
2026-01-13T12:00,11.0
2026-01-13T13:00,11.8
2026-01-13T14:00,11.9
2026-01-13T15:00,11.6
2026-01-13T16:00,10.9
2026-01-13T17:00,10.7
2026-01-13T18:00,11.1
2026-01-13T19:00,10.6
2026-01-13T20:00,10.4
2026-01-13T21:00,10.3
2026-01-13T22:00,9.9
2026-01-13T23:00,9.1
2026-01-14T00:00,9.4
2026-01-14T01:00,9.1
2026-01-14T02:00,8.8
2026-01-14T03:00,8.5
2026-01-14T04:00,8.4
2026-01-14T05:00,8.2
2026-01-14T06:00,8.4
2026-01-14T07:00,8.2
2026-01-14T08:00,8.4
2026-01-14T09:00,8.8
2026-01-14T10:00,8.9
2026-01-14T11:00,9.9
2026-01-14T12:00,10.7
2026-01-14T13:00,12.1
2026-01-14T14:00,12.3
2026-01-14T15:00,12.1
2026-01-14T16:00,11.1
2026-01-14T17:00,10.2
2026-01-14T18:00,10.2
2026-01-14T19:00,10.4
2026-01-14T20:00,10.1
2026-01-14T21:00,9.5
2026-01-14T22:00,8.9
2026-01-14T23:00,8.9
2026-01-15T00:00,9.6
2026-01-15T01:00,9.7
2026-01-15T02:00,10.0
2026-01-15T03:00,9.9
2026-01-15T04:00,9.7
2026-01-15T05:00,9.1
2026-01-15T06:00,8.4
2026-01-15T07:00,8.1
2026-01-15T08:00,8.0
2026-01-15T09:00,8.6
2026-01-15T10:00,9.1
2026-01-15T11:00,9.9
2026-01-15T12:00,10.8
2026-01-15T13:00,11.3
2026-01-15T14:00,12.2
2026-01-15T15:00,12.1
2026-01-15T16:00,11.9
2026-01-15T17:00,11.4
2026-01-15T18:00,11.6
2026-01-15T19:00,11.8
2026-01-15T20:00,11.4
2026-01-15T21:00,10.6
2026-01-15T22:00,10.2
2026-01-15T23:00,10.2
2026-01-16T00:00,9.8
2026-01-16T01:00,9.5
2026-01-16T02:00,9.4
2026-01-16T03:00,8.9
2026-01-16T04:00,8.2
2026-01-16T05:00,7.9
2026-01-16T06:00,7.6
2026-01-16T07:00,7.4
2026-01-16T08:00,7.2
2026-01-16T09:00,7.7
2026-01-16T10:00,9.1
2026-01-16T11:00,9.9
2026-01-16T12:00,10.2
2026-01-16T13:00,10.6
2026-01-16T14:00,10.7
2026-01-16T15:00,10.4
2026-01-16T16:00,9.4
2026-01-16T17:00,9.1
2026-01-16T18:00,8.7
2026-01-16T19:00,8.4
2026-01-16T20:00,8.1
2026-01-16T21:00,7.9
2026-01-16T22:00,7.6
2026-01-16T23:00,7.2
2026-01-17T00:00,6.8
2026-01-17T01:00,7.4
2026-01-17T02:00,6.8
2026-01-17T03:00,6.5
2026-01-17T04:00,6.7
2026-01-17T05:00,6.0
2026-01-17T06:00,7.6
2026-01-17T07:00,7.6
2026-01-17T08:00,7.5
2026-01-17T09:00,7.8
2026-01-17T10:00,8.1
2026-01-17T11:00,8.6
2026-01-17T12:00,9.8
2026-01-17T13:00,10.5
2026-01-17T14:00,11.1
2026-01-17T15:00,11.2
2026-01-17T16:00,10.2
2026-01-17T17:00,8.9
2026-01-17T18:00,8.9
2026-01-17T19:00,8.7
2026-01-17T20:00,8.4
2026-01-17T21:00,8.3
2026-01-17T22:00,8.1
2026-01-17T23:00,7.4
2026-01-18T00:00,8.8
2026-01-18T01:00,8.4
2026-01-18T02:00,8.0
2026-01-18T03:00,7.5
2026-01-18T04:00,6.8
2026-01-18T05:00,6.9
2026-01-18T06:00,7.4
2026-01-18T07:00,7.4
2026-01-18T08:00,6.9
2026-01-18T09:00,6.9
2026-01-18T10:00,6.8
2026-01-18T11:00,7.4
2026-01-18T12:00,8.1
2026-01-18T13:00,9.4
2026-01-18T14:00,9.8
2026-01-18T15:00,9.6
2026-01-18T16:00,8.8
2026-01-18T17:00,7.6
2026-01-18T18:00,7.0
2026-01-18T19:00,6.6
2026-01-18T20:00,6.3
2026-01-18T21:00,6.1
2026-01-18T22:00,5.6
2026-01-18T23:00,4.9
2026-01-19T00:00,4.0
2026-01-19T01:00,3.7
2026-01-19T02:00,3.5
2026-01-19T03:00,3.5
2026-01-19T04:00,3.6
2026-01-19T05:00,3.7
2026-01-19T06:00,2.8
2026-01-19T07:00,2.3
2026-01-19T08:00,2.8
2026-01-19T09:00,3.8
2026-01-19T10:00,4.9
2026-01-19T11:00,6.8
2026-01-19T12:00,7.0
2026-01-19T13:00,8.7
2026-01-19T14:00,9.6
2026-01-19T15:00,9.6
2026-01-19T16:00,8.8
2026-01-19T17:00,8.1
2026-01-19T18:00,8.8
2026-01-19T19:00,8.9
2026-01-19T20:00,9.1
2026-01-19T21:00,8.9
2026-01-19T22:00,8.4
2026-01-19T23:00,7.7
2026-01-20T00:00,7.4
2026-01-20T01:00,7.3
2026-01-20T02:00,7.6
2026-01-20T03:00,7.0
2026-01-20T04:00,6.2
2026-01-20T05:00,5.7
2026-01-20T06:00,5.5
2026-01-20T07:00,5.2
2026-01-20T08:00,5.2
2026-01-20T09:00,5.8
2026-01-20T10:00,6.7
2026-01-20T11:00,8.1
2026-01-20T12:00,7.8
2026-01-20T13:00,8.6
2026-01-20T14:00,8.9
2026-01-20T15:00,9.4
2026-01-20T16:00,8.9
2026-01-20T17:00,8.7
2026-01-20T18:00,8.6
2026-01-20T19:00,8.2
2026-01-20T20:00,7.8
2026-01-20T21:00,7.8
2026-01-20T22:00,7.7
2026-01-20T23:00,7.7
2026-01-21T00:00,9.0
2026-01-21T01:00,8.9
2026-01-21T02:00,8.6
2026-01-21T03:00,8.6
2026-01-21T04:00,8.2
2026-01-21T05:00,7.8
2026-01-21T06:00,8.2
2026-01-21T07:00,8.2
2026-01-21T08:00,7.7
2026-01-21T09:00,7.9
2026-01-21T10:00,8.4
2026-01-21T11:00,9.6
2026-01-21T12:00,11.0
2026-01-21T13:00,12.0
2026-01-21T14:00,12.6
2026-01-21T15:00,12.4
2026-01-21T16:00,11.9
2026-01-21T17:00,11.6
2026-01-21T18:00,11.3
2026-01-21T19:00,10.4
2026-01-21T20:00,9.8
2026-01-21T21:00,9.6
2026-01-21T22:00,9.2
2026-01-21T23:00,8.9
2026-01-22T00:00,8.2
2026-01-22T01:00,7.8
2026-01-22T02:00,7.5
2026-01-22T03:00,7.2
2026-01-22T04:00,7.3
2026-01-22T05:00,7.4
2026-01-22T06:00,7.1
2026-01-22T07:00,7.1
2026-01-22T08:00,7.7
2026-01-22T09:00,8.2
2026-01-22T10:00,8.7
2026-01-22T11:00,9.1
2026-01-22T12:00,10.4
2026-01-22T13:00,10.5
2026-01-22T14:00,11.1
2026-01-22T15:00,10.6
2026-01-22T16:00,9.9
2026-01-22T17:00,9.1
2026-01-22T18:00,8.6
2026-01-22T19:00,8.1
2026-01-22T20:00,7.5
2026-01-22T21:00,6.8
2026-01-22T22:00,6.4
2026-01-22T23:00,6.1
2026-01-23T00:00,5.7
2026-01-23T01:00,5.5
2026-01-23T02:00,5.4
2026-01-23T03:00,5.4
2026-01-23T04:00,5.1
2026-01-23T05:00,5.1
2026-01-23T06:00,5.6
2026-01-23T07:00,6.1
2026-01-23T08:00,6.2
2026-01-23T09:00,6.3
2026-01-23T10:00,6.9
2026-01-23T11:00,7.6
2026-01-23T12:00,7.9
2026-01-23T13:00,8.6
2026-01-23T14:00,9.0
2026-01-23T15:00,8.9
2026-01-23T16:00,8.2
2026-01-23T17:00,7.2
2026-01-23T18:00,6.6
2026-01-23T19:00,6.1
2026-01-23T20:00,5.6
2026-01-23T21:00,5.4
2026-01-23T22:00,5.0
2026-01-23T23:00,4.7
2026-01-24T00:00,4.7
2026-01-24T01:00,4.2
2026-01-24T02:00,3.8
2026-01-24T03:00,3.5
2026-01-24T04:00,3.2
2026-01-24T05:00,3.2
2026-01-24T06:00,3.5
2026-01-24T07:00,3.5
2026-01-24T08:00,3.0
2026-01-24T09:00,3.6
2026-01-24T10:00,4.7
2026-01-24T11:00,5.9
2026-01-24T12:00,6.3
2026-01-24T13:00,7.3
2026-01-24T14:00,8.5
2026-01-24T15:00,8.6
2026-01-24T16:00,7.8
2026-01-24T17:00,6.9
2026-01-24T18:00,6.4
2026-01-24T19:00,5.6
2026-01-24T20:00,4.8
2026-01-24T21:00,4.1
2026-01-24T22:00,3.5
2026-01-24T23:00,3.2
